--------------------------------------------------------
-- Archivo creado  - lunes-mayo-18-2026   
--------------------------------------------------------
--------------------------------------------------------
--  DDL for Sequence MVIEW$_ADVSEQ_GENERIC
--------------------------------------------------------

   CREATE SEQUENCE  "MVIEW$_ADVSEQ_GENERIC"  MINVALUE 1 MAXVALUE 4294967295 INCREMENT BY 1 START WITH 1 CACHE 50 NOORDER  NOCYCLE  NOKEEP  NOSCALE  GLOBAL ;
--------------------------------------------------------
--  DDL for Sequence MVIEW$_ADVSEQ_ID
--------------------------------------------------------

   CREATE SEQUENCE  "MVIEW$_ADVSEQ_ID"  MINVALUE 1 MAXVALUE 4294967295 INCREMENT BY 1 START WITH 1 CACHE 20 NOORDER  NOCYCLE  NOKEEP  NOSCALE  GLOBAL ;
--------------------------------------------------------
--  DDL for Table AUDITORIA
--------------------------------------------------------

  CREATE TABLE "AUDITORIA" 
   (	"ID_LOG" NUMBER GENERATED ALWAYS AS IDENTITY MINVALUE 1 MAXVALUE 9999999999999999999999999999 INCREMENT BY 1 START WITH 1 CACHE 20 NOORDER  NOCYCLE  NOKEEP  NOSCALE , 
	"TABLA_AFECTADA" VARCHAR2(50 BYTE) COLLATE "USING_NLS_COMP", 
	"OPERACION" VARCHAR2(20 BYTE) COLLATE "USING_NLS_COMP", 
	"FECHA" TIMESTAMP (6) DEFAULT SYSTIMESTAMP, 
	"DETALLES" VARCHAR2(255 BYTE) COLLATE "USING_NLS_COMP"
   )  DEFAULT COLLATION "USING_NLS_COMP" ;
--------------------------------------------------------
--  DDL for Table CITAS
--------------------------------------------------------

  CREATE TABLE "CITAS" 
   (	"ID_CITA" NUMBER GENERATED BY DEFAULT ON NULL AS IDENTITY MINVALUE 1 MAXVALUE 9999999999999999999999999999 INCREMENT BY 1 START WITH 1 CACHE 20 NOORDER  NOCYCLE  NOKEEP  NOSCALE , 
	"ID_PACIENTE" VARCHAR2(10 BYTE) COLLATE "USING_NLS_COMP", 
	"ID_MEDICO" VARCHAR2(10 BYTE) COLLATE "USING_NLS_COMP", 
	"FECHA_HORA" TIMESTAMP (6), 
	"MOTIVO" VARCHAR2(150 BYTE) COLLATE "USING_NLS_COMP", 
	"ESTADO" VARCHAR2(20 BYTE) COLLATE "USING_NLS_COMP"
   )  DEFAULT COLLATION "USING_NLS_COMP" ;
--------------------------------------------------------
--  DDL for Table INVENTARIO_PACIENTE
--------------------------------------------------------

  CREATE TABLE "INVENTARIO_PACIENTE" 
   (	"ID_PACIENTE" VARCHAR2(10 BYTE) COLLATE "USING_NLS_COMP", 
	"ID_MEDICAMENTO" VARCHAR2(10 BYTE) COLLATE "USING_NLS_COMP", 
	"STOCK_ACTUAL" NUMBER(4,0) DEFAULT 0, 
	"ESTADO_TEXTO" VARCHAR2(20 BYTE) COLLATE "USING_NLS_COMP"
   )  DEFAULT COLLATION "USING_NLS_COMP" ;
--------------------------------------------------------
--  DDL for Table MEDICAMENTOS
--------------------------------------------------------

  CREATE TABLE "MEDICAMENTOS" 
   (	"ID_MEDICAMENTO" VARCHAR2(10 BYTE) COLLATE "USING_NLS_COMP", 
	"NOMBRE_COMERCIAL" VARCHAR2(100 BYTE) COLLATE "USING_NLS_COMP", 
	"USO_PRINCIPAL" VARCHAR2(150 BYTE) COLLATE "USING_NLS_COMP"
   )  DEFAULT COLLATION "USING_NLS_COMP" ;
--------------------------------------------------------
--  DDL for Table MEDICOS
--------------------------------------------------------

  CREATE TABLE "MEDICOS" 
   (	"ID_MEDICO" VARCHAR2(10 BYTE) COLLATE "USING_NLS_COMP", 
	"NOMBRE" VARCHAR2(100 BYTE) COLLATE "USING_NLS_COMP", 
	"ESPECIALIDAD" VARCHAR2(50 BYTE) COLLATE "USING_NLS_COMP", 
	"CONSULTORIO" VARCHAR2(20 BYTE) COLLATE "USING_NLS_COMP"
   )  DEFAULT COLLATION "USING_NLS_COMP" ;
--------------------------------------------------------
--  DDL for Table PACIENTES
--------------------------------------------------------

  CREATE TABLE "PACIENTES" 
   (	"ID_PACIENTE" VARCHAR2(10 BYTE) COLLATE "USING_NLS_COMP", 
	"NOMBRE" VARCHAR2(100 BYTE) COLLATE "USING_NLS_COMP", 
	"EDAD" NUMBER(3,0), 
	"FECHA_REGISTRO" DATE DEFAULT SYSDATE
   )  DEFAULT COLLATION "USING_NLS_COMP" ;
--------------------------------------------------------
--  DDL for Table RECETAS
--------------------------------------------------------

  CREATE TABLE "RECETAS" 
   (	"ID_RECETA" NUMBER GENERATED ALWAYS AS IDENTITY MINVALUE 1 MAXVALUE 9999999999999999999999999999 INCREMENT BY 1 START WITH 1 CACHE 20 NOORDER  NOCYCLE  NOKEEP  NOSCALE , 
	"ID_CITA" NUMBER, 
	"ID_MEDICAMENTO" VARCHAR2(10 BYTE) COLLATE "USING_NLS_COMP", 
	"DOSIS_TEXTO" VARCHAR2(100 BYTE) COLLATE "USING_NLS_COMP", 
	"CANTIDAD_RECETADA" VARCHAR2(50 BYTE) COLLATE "USING_NLS_COMP"
   )  DEFAULT COLLATION "USING_NLS_COMP" ;
--------------------------------------------------------
--  DDL for Table SIGNOS_VITALES
--------------------------------------------------------

  CREATE TABLE "SIGNOS_VITALES" 
   (	"ID_REGISTRO" NUMBER GENERATED ALWAYS AS IDENTITY MINVALUE 1 MAXVALUE 9999999999999999999999999999 INCREMENT BY 1 START WITH 1 CACHE 20 NOORDER  NOCYCLE  NOKEEP  NOSCALE , 
	"ID_PACIENTE" VARCHAR2(10 BYTE) COLLATE "USING_NLS_COMP", 
	"FECHA_MEDICION" DATE, 
	"PRESION_SISTOLICA" NUMBER(3,0), 
	"PRESION_DIASTOLICA" NUMBER(3,0)
   )  DEFAULT COLLATION "USING_NLS_COMP" ;
--------------------------------------------------------
--  DDL for View MEDICAMENTO_RECETA_DV
--------------------------------------------------------

  CREATE OR REPLACE FORCE NONEDITIONABLE JSON RELATIONAL DUALITY VIEW "MEDICAMENTO_RECETA_DV"  DEFAULT COLLATION "USING_NLS_COMP"  AS 
  SELECT JSON {
    '_id'              : m.id_medicamento,
    'nombre_comercial' : m.nombre_comercial,
    'uso_principal'    : m.uso_principal,
    'distribucion_pacientes' : [
        SELECT JSON {
            '_id'          : i.id_paciente, -- Llave primaria compuesta de la tabla relacional intermedia
            'stock_actual' : i.stock_actual,
            'estado_texto' : i.estado_texto
        }
        FROM inventario_paciente i WITH INSERT UPDATE DELETE
        WHERE i.id_medicamento = m.id_medicamento
    ]
}
FROM medicamentos m WITH INSERT UPDATE DELETE
;
--------------------------------------------------------
--  DDL for View MEDICO_AGENDA_DV
--------------------------------------------------------

  CREATE OR REPLACE FORCE NONEDITIONABLE JSON RELATIONAL DUALITY VIEW "MEDICO_AGENDA_DV"  DEFAULT COLLATION "USING_NLS_COMP"  AS 
  SELECT JSON {
    '_id'          : m.id_medico,
    'nombre'       : m.nombre,
    'especialidad' : m.especialidad,
    'consultorio'  : m.consultorio,
    'citas_asignadas' : [
        SELECT JSON {
            '_id'         : c.id_cita,
            'id_paciente' : c.id_paciente,
            'fecha_hora'  : c.fecha_hora,
            'motivo'      : c.motivo,
            'estado'      : c.estado
        }
        FROM citas c WITH INSERT UPDATE DELETE
        WHERE c.id_medico = m.id_medico
    ]
}
FROM medicos m WITH INSERT UPDATE DELETE
;
--------------------------------------------------------
--  DDL for View PACIENTE_HISTORIAL_DV
--------------------------------------------------------

  CREATE OR REPLACE FORCE NONEDITIONABLE JSON RELATIONAL DUALITY VIEW "PACIENTE_HISTORIAL_DV"  DEFAULT COLLATION "USING_NLS_COMP"  AS 
  SELECT JSON {
    '_id'         : p.id_paciente,
    'nombre'      : p.nombre,
    'edad'        : p.edad,
    'citas'       : [
        SELECT JSON {
            '_id'     : c.id_cita,
            'fecha'   : c.fecha_hora,
            'motivo'  : c.motivo,
            'estado'  : c.estado
        }
        FROM citas c WITH INSERT UPDATE DELETE
        WHERE c.id_paciente = p.id_paciente
    ]
}
FROM pacientes p WITH INSERT UPDATE DELETE
;
REM INSERTING into AUDITORIA
SET DEFINE OFF;
Insert into AUDITORIA (ID_LOG,TABLA_AFECTADA,OPERACION,FECHA,DETALLES) values ('1','CITAS','INSERT',to_timestamp('18/05/26 03:43:33,413432000','DD/MM/RR HH24:MI:SSXFF'),'Nueva cita creada para paciente P-902');
Insert into AUDITORIA (ID_LOG,TABLA_AFECTADA,OPERACION,FECHA,DETALLES) values ('2','CITAS','INSERT',to_timestamp('18/05/26 03:43:33,428703000','DD/MM/RR HH24:MI:SSXFF'),'Nueva cita creada para paciente P-902');
Insert into AUDITORIA (ID_LOG,TABLA_AFECTADA,OPERACION,FECHA,DETALLES) values ('3','CITAS','INSERT',to_timestamp('18/05/26 03:43:33,446523000','DD/MM/RR HH24:MI:SSXFF'),'Nueva cita creada para paciente P-902');
Insert into AUDITORIA (ID_LOG,TABLA_AFECTADA,OPERACION,FECHA,DETALLES) values ('4','CITAS','INSERT',to_timestamp('18/05/26 03:46:56,535993000','DD/MM/RR HH24:MI:SSXFF'),'Nueva cita creada para paciente P-902');
Insert into AUDITORIA (ID_LOG,TABLA_AFECTADA,OPERACION,FECHA,DETALLES) values ('5','CITAS','INSERT',to_timestamp('18/05/26 03:46:56,550269000','DD/MM/RR HH24:MI:SSXFF'),'Nueva cita creada para paciente P-902');
Insert into AUDITORIA (ID_LOG,TABLA_AFECTADA,OPERACION,FECHA,DETALLES) values ('6','CITAS','INSERT',to_timestamp('18/05/26 03:46:56,560821000','DD/MM/RR HH24:MI:SSXFF'),'Nueva cita creada para paciente P-902');
Insert into AUDITORIA (ID_LOG,TABLA_AFECTADA,OPERACION,FECHA,DETALLES) values ('7','CITAS','INSERT',to_timestamp('18/05/26 03:46:56,571749000','DD/MM/RR HH24:MI:SSXFF'),'Nueva cita creada para paciente P-902');
Insert into AUDITORIA (ID_LOG,TABLA_AFECTADA,OPERACION,FECHA,DETALLES) values ('8','CITAS','INSERT',to_timestamp('18/05/26 03:46:56,588331000','DD/MM/RR HH24:MI:SSXFF'),'Nueva cita creada para paciente P-001');
Insert into AUDITORIA (ID_LOG,TABLA_AFECTADA,OPERACION,FECHA,DETALLES) values ('9','CITAS','INSERT',to_timestamp('18/05/26 03:46:56,599207000','DD/MM/RR HH24:MI:SSXFF'),'Nueva cita creada para paciente P-004');
Insert into AUDITORIA (ID_LOG,TABLA_AFECTADA,OPERACION,FECHA,DETALLES) values ('10','CITAS','INSERT',to_timestamp('18/05/26 03:46:56,610543000','DD/MM/RR HH24:MI:SSXFF'),'Nueva cita creada para paciente P-008');
Insert into AUDITORIA (ID_LOG,TABLA_AFECTADA,OPERACION,FECHA,DETALLES) values ('11','CITAS','INSERT',to_timestamp('18/05/26 03:46:56,620581000','DD/MM/RR HH24:MI:SSXFF'),'Nueva cita creada para paciente P-013');
Insert into AUDITORIA (ID_LOG,TABLA_AFECTADA,OPERACION,FECHA,DETALLES) values ('12','CITAS','INSERT',to_timestamp('18/05/26 03:46:56,632498000','DD/MM/RR HH24:MI:SSXFF'),'Nueva cita creada para paciente P-002');
Insert into AUDITORIA (ID_LOG,TABLA_AFECTADA,OPERACION,FECHA,DETALLES) values ('13','CITAS','INSERT',to_timestamp('18/05/26 03:46:56,644731000','DD/MM/RR HH24:MI:SSXFF'),'Nueva cita creada para paciente P-003');
Insert into AUDITORIA (ID_LOG,TABLA_AFECTADA,OPERACION,FECHA,DETALLES) values ('14','CITAS','INSERT',to_timestamp('18/05/26 03:46:56,658160000','DD/MM/RR HH24:MI:SSXFF'),'Nueva cita creada para paciente P-005');
Insert into AUDITORIA (ID_LOG,TABLA_AFECTADA,OPERACION,FECHA,DETALLES) values ('15','CITAS','INSERT',to_timestamp('18/05/26 03:46:56,669462000','DD/MM/RR HH24:MI:SSXFF'),'Nueva cita creada para paciente P-007');
Insert into AUDITORIA (ID_LOG,TABLA_AFECTADA,OPERACION,FECHA,DETALLES) values ('16','CITAS','INSERT',to_timestamp('18/05/26 03:46:56,678313000','DD/MM/RR HH24:MI:SSXFF'),'Nueva cita creada para paciente P-011');
Insert into AUDITORIA (ID_LOG,TABLA_AFECTADA,OPERACION,FECHA,DETALLES) values ('17','CITAS','INSERT',to_timestamp('18/05/26 03:46:56,688029000','DD/MM/RR HH24:MI:SSXFF'),'Nueva cita creada para paciente P-016');
REM INSERTING into CITAS
SET DEFINE OFF;
Insert into CITAS (ID_CITA,ID_PACIENTE,ID_MEDICO,FECHA_HORA,MOTIVO,ESTADO) values ('1','P-902','M-001',to_timestamp('13/05/26 03:43:33,000000000','DD/MM/RR HH24:MI:SSXFF'),'Control Hipertensión','Completada');
Insert into CITAS (ID_CITA,ID_PACIENTE,ID_MEDICO,FECHA_HORA,MOTIVO,ESTADO) values ('2','P-902','M-001',to_timestamp('19/05/26 03:43:33,000000000','DD/MM/RR HH24:MI:SSXFF'),'Revisión de presión arterial','Pendiente');
Insert into CITAS (ID_CITA,ID_PACIENTE,ID_MEDICO,FECHA_HORA,MOTIVO,ESTADO) values ('3','P-902','M-002',to_timestamp('11/06/26 03:43:33,000000000','DD/MM/RR HH24:MI:SSXFF'),'Chequeo General','Pendiente');
Insert into CITAS (ID_CITA,ID_PACIENTE,ID_MEDICO,FECHA_HORA,MOTIVO,ESTADO) values ('4','P-902','M-001',to_timestamp('19/03/26 03:46:56,000000000','DD/MM/RR HH24:MI:SSXFF'),'Chequeo inicial','Completada');
Insert into CITAS (ID_CITA,ID_PACIENTE,ID_MEDICO,FECHA_HORA,MOTIVO,ESTADO) values ('5','P-902','M-003',to_timestamp('03/05/26 03:46:56,000000000','DD/MM/RR HH24:MI:SSXFF'),'Exámenes tiroides','Completada');
Insert into CITAS (ID_CITA,ID_PACIENTE,ID_MEDICO,FECHA_HORA,MOTIVO,ESTADO) values ('6','P-902','M-001',to_timestamp('19/05/26 03:46:56,000000000','DD/MM/RR HH24:MI:SSXFF'),'Revisión presión','Pendiente');
Insert into CITAS (ID_CITA,ID_PACIENTE,ID_MEDICO,FECHA_HORA,MOTIVO,ESTADO) values ('7','P-902','M-002',to_timestamp('07/06/26 03:46:56,000000000','DD/MM/RR HH24:MI:SSXFF'),'Chequeo general','Pendiente');
Insert into CITAS (ID_CITA,ID_PACIENTE,ID_MEDICO,FECHA_HORA,MOTIVO,ESTADO) values ('8','P-001','M-004',to_timestamp('08/05/26 03:46:56,000000000','DD/MM/RR HH24:MI:SSXFF'),'Control geriátrico','Pendiente');
Insert into CITAS (ID_CITA,ID_PACIENTE,ID_MEDICO,FECHA_HORA,MOTIVO,ESTADO) values ('9','P-004','M-001',to_timestamp('13/05/26 03:46:56,000000000','DD/MM/RR HH24:MI:SSXFF'),'Arritmia','Pendiente');
Insert into CITAS (ID_CITA,ID_PACIENTE,ID_MEDICO,FECHA_HORA,MOTIVO,ESTADO) values ('10','P-008','M-006',to_timestamp('16/05/26 03:46:56,000000000','DD/MM/RR HH24:MI:SSXFF'),'Dolor rodilla','Pendiente');
Insert into CITAS (ID_CITA,ID_PACIENTE,ID_MEDICO,FECHA_HORA,MOTIVO,ESTADO) values ('11','P-013','M-005',to_timestamp('18/04/26 03:46:56,000000000','DD/MM/RR HH24:MI:SSXFF'),'Pérdida memoria','Pendiente');
Insert into CITAS (ID_CITA,ID_PACIENTE,ID_MEDICO,FECHA_HORA,MOTIVO,ESTADO) values ('12','P-002','M-002',to_timestamp('03/04/26 03:46:56,000000000','DD/MM/RR HH24:MI:SSXFF'),'Gripe fuerte','Completada');
Insert into CITAS (ID_CITA,ID_PACIENTE,ID_MEDICO,FECHA_HORA,MOTIVO,ESTADO) values ('13','P-003','M-006',to_timestamp('06/05/26 03:46:56,000000000','DD/MM/RR HH24:MI:SSXFF'),'Artritis','Completada');
Insert into CITAS (ID_CITA,ID_PACIENTE,ID_MEDICO,FECHA_HORA,MOTIVO,ESTADO) values ('14','P-005','M-003',to_timestamp('29/03/26 03:46:56,000000000','DD/MM/RR HH24:MI:SSXFF'),'Diabetes control','Completada');
Insert into CITAS (ID_CITA,ID_PACIENTE,ID_MEDICO,FECHA_HORA,MOTIVO,ESTADO) values ('15','P-007','M-001',to_timestamp('13/05/26 03:46:56,000000000','DD/MM/RR HH24:MI:SSXFF'),'Taquicardia','Completada');
Insert into CITAS (ID_CITA,ID_PACIENTE,ID_MEDICO,FECHA_HORA,MOTIVO,ESTADO) values ('16','P-011','M-004',to_timestamp('10/05/26 03:46:56,000000000','DD/MM/RR HH24:MI:SSXFF'),'Insomnio','Completada');
Insert into CITAS (ID_CITA,ID_PACIENTE,ID_MEDICO,FECHA_HORA,MOTIVO,ESTADO) values ('17','P-016','M-005',to_timestamp('26/04/26 03:46:56,000000000','DD/MM/RR HH24:MI:SSXFF'),'Migraña','Completada');
REM INSERTING into INVENTARIO_PACIENTE
SET DEFINE OFF;
Insert into INVENTARIO_PACIENTE (ID_PACIENTE,ID_MEDICAMENTO,STOCK_ACTUAL,ESTADO_TEXTO) values ('P-902','MED-01','90','Lleno');
Insert into INVENTARIO_PACIENTE (ID_PACIENTE,ID_MEDICAMENTO,STOCK_ACTUAL,ESTADO_TEXTO) values ('P-902','MED-03','5','Quedan 5 unidades');
Insert into INVENTARIO_PACIENTE (ID_PACIENTE,ID_MEDICAMENTO,STOCK_ACTUAL,ESTADO_TEXTO) values ('P-902','MED-02','0','Vacío');
Insert into INVENTARIO_PACIENTE (ID_PACIENTE,ID_MEDICAMENTO,STOCK_ACTUAL,ESTADO_TEXTO) values ('P-902','MED-09','0','Vacío');
Insert into INVENTARIO_PACIENTE (ID_PACIENTE,ID_MEDICAMENTO,STOCK_ACTUAL,ESTADO_TEXTO) values ('P-003','MED-12','1','Quedan 1 unidades');
Insert into INVENTARIO_PACIENTE (ID_PACIENTE,ID_MEDICAMENTO,STOCK_ACTUAL,ESTADO_TEXTO) values ('P-005','MED-05','45','Lleno');
Insert into INVENTARIO_PACIENTE (ID_PACIENTE,ID_MEDICAMENTO,STOCK_ACTUAL,ESTADO_TEXTO) values ('P-008','MED-10','0','Vacío');
Insert into INVENTARIO_PACIENTE (ID_PACIENTE,ID_MEDICAMENTO,STOCK_ACTUAL,ESTADO_TEXTO) values ('P-011','MED-18','20','Lleno');
REM INSERTING into MEDICAMENTOS
SET DEFINE OFF;
Insert into MEDICAMENTOS (ID_MEDICAMENTO,NOMBRE_COMERCIAL,USO_PRINCIPAL) values ('MED-01','Losartán 50mg','Para la presión alta');
Insert into MEDICAMENTOS (ID_MEDICAMENTO,NOMBRE_COMERCIAL,USO_PRINCIPAL) values ('MED-02','Insulina Glargina','Control de azúcar');
Insert into MEDICAMENTOS (ID_MEDICAMENTO,NOMBRE_COMERCIAL,USO_PRINCIPAL) values ('MED-03','Calcio + Vitamina D','Suplemento diario');
Insert into MEDICAMENTOS (ID_MEDICAMENTO,NOMBRE_COMERCIAL,USO_PRINCIPAL) values ('MED-04','Aspirina Protect 100mg','Prevención infartos');
Insert into MEDICAMENTOS (ID_MEDICAMENTO,NOMBRE_COMERCIAL,USO_PRINCIPAL) values ('MED-05','Metformina 850mg','Diabetes Tipo 2');
Insert into MEDICAMENTOS (ID_MEDICAMENTO,NOMBRE_COMERCIAL,USO_PRINCIPAL) values ('MED-06','Omeprazol 20mg','Protector gástrico');
Insert into MEDICAMENTOS (ID_MEDICAMENTO,NOMBRE_COMERCIAL,USO_PRINCIPAL) values ('MED-07','Atorvastatina 20mg','Reducción colesterol');
Insert into MEDICAMENTOS (ID_MEDICAMENTO,NOMBRE_COMERCIAL,USO_PRINCIPAL) values ('MED-08','Amlodipino 5mg','Presión arterial alta');
Insert into MEDICAMENTOS (ID_MEDICAMENTO,NOMBRE_COMERCIAL,USO_PRINCIPAL) values ('MED-09','Levotiroxina 100mcg','Hipotiroidismo');
Insert into MEDICAMENTOS (ID_MEDICAMENTO,NOMBRE_COMERCIAL,USO_PRINCIPAL) values ('MED-10','Paracetamol 500mg','Dolor general y fiebre');
Insert into MEDICAMENTOS (ID_MEDICAMENTO,NOMBRE_COMERCIAL,USO_PRINCIPAL) values ('MED-11','Ibuprofeno 400mg','Antiinflamatorio');
Insert into MEDICAMENTOS (ID_MEDICAMENTO,NOMBRE_COMERCIAL,USO_PRINCIPAL) values ('MED-12','Diclofenaco en gel','Dolor articular');
Insert into MEDICAMENTOS (ID_MEDICAMENTO,NOMBRE_COMERCIAL,USO_PRINCIPAL) values ('MED-13','Clopidogrel 75mg','Anticoagulante');
Insert into MEDICAMENTOS (ID_MEDICAMENTO,NOMBRE_COMERCIAL,USO_PRINCIPAL) values ('MED-14','Pantoprazol 40mg','Reflujo gástrico');
Insert into MEDICAMENTOS (ID_MEDICAMENTO,NOMBRE_COMERCIAL,USO_PRINCIPAL) values ('MED-15','Pregabalina 75mg','Dolor neuropático');
Insert into MEDICAMENTOS (ID_MEDICAMENTO,NOMBRE_COMERCIAL,USO_PRINCIPAL) values ('MED-16','Complejo B','Suplemento vitamínico');
Insert into MEDICAMENTOS (ID_MEDICAMENTO,NOMBRE_COMERCIAL,USO_PRINCIPAL) values ('MED-17','Enalapril 10mg','Hipertensión');
Insert into MEDICAMENTOS (ID_MEDICAMENTO,NOMBRE_COMERCIAL,USO_PRINCIPAL) values ('MED-18','Alprazolam 0.5mg','Ansiedad e insomnio');
Insert into MEDICAMENTOS (ID_MEDICAMENTO,NOMBRE_COMERCIAL,USO_PRINCIPAL) values ('MED-19','Glimepirida 2mg','Control de glucosa');
Insert into MEDICAMENTOS (ID_MEDICAMENTO,NOMBRE_COMERCIAL,USO_PRINCIPAL) values ('MED-20','Tamsulosina 0.4mg','Próstata');
REM INSERTING into MEDICOS
SET DEFINE OFF;
Insert into MEDICOS (ID_MEDICO,NOMBRE,ESPECIALIDAD,CONSULTORIO) values ('M-001','Dr. Carlos Mendoza','Cardiología','Cons. 102');
Insert into MEDICOS (ID_MEDICO,NOMBRE,ESPECIALIDAD,CONSULTORIO) values ('M-002','Dra. Ana Lucía','Medicina General','Cons. 105');
Insert into MEDICOS (ID_MEDICO,NOMBRE,ESPECIALIDAD,CONSULTORIO) values ('M-003','Dr. Roberto Silva','Endocrinología','Cons. 201');
Insert into MEDICOS (ID_MEDICO,NOMBRE,ESPECIALIDAD,CONSULTORIO) values ('M-004','Dra. Elena Torres','Geriatría','Cons. 110');
Insert into MEDICOS (ID_MEDICO,NOMBRE,ESPECIALIDAD,CONSULTORIO) values ('M-005','Dr. Javier Gómez','Neurología','Cons. 305');
Insert into MEDICOS (ID_MEDICO,NOMBRE,ESPECIALIDAD,CONSULTORIO) values ('M-006','Dra. Patricia Ríos','Reumatología','Cons. 204');
REM INSERTING into PACIENTES
SET DEFINE OFF;
Insert into PACIENTES (ID_PACIENTE,NOMBRE,EDAD,FECHA_REGISTRO) values ('P-902','Ernesto Martínez','72',to_date('18/05/26','DD/MM/RR'));
Insert into PACIENTES (ID_PACIENTE,NOMBRE,EDAD,FECHA_REGISTRO) values ('P-001','Rosaura Domínguez','81',to_date('18/05/26','DD/MM/RR'));
Insert into PACIENTES (ID_PACIENTE,NOMBRE,EDAD,FECHA_REGISTRO) values ('P-002','Julio César Vargas','68',to_date('18/05/26','DD/MM/RR'));
Insert into PACIENTES (ID_PACIENTE,NOMBRE,EDAD,FECHA_REGISTRO) values ('P-003','María Luisa Peña','75',to_date('18/05/26','DD/MM/RR'));
Insert into PACIENTES (ID_PACIENTE,NOMBRE,EDAD,FECHA_REGISTRO) values ('P-004','Humberto Castro','85',to_date('18/05/26','DD/MM/RR'));
Insert into PACIENTES (ID_PACIENTE,NOMBRE,EDAD,FECHA_REGISTRO) values ('P-005','Carmen Salinas','64',to_date('18/05/26','DD/MM/RR'));
Insert into PACIENTES (ID_PACIENTE,NOMBRE,EDAD,FECHA_REGISTRO) values ('P-006','Raúl Jiménez','79',to_date('18/05/26','DD/MM/RR'));
Insert into PACIENTES (ID_PACIENTE,NOMBRE,EDAD,FECHA_REGISTRO) values ('P-007','Teresa Blanco','71',to_date('18/05/26','DD/MM/RR'));
Insert into PACIENTES (ID_PACIENTE,NOMBRE,EDAD,FECHA_REGISTRO) values ('P-008','Miguel Ángel Ruiz','88',to_date('18/05/26','DD/MM/RR'));
Insert into PACIENTES (ID_PACIENTE,NOMBRE,EDAD,FECHA_REGISTRO) values ('P-009','Luz María López','67',to_date('18/05/26','DD/MM/RR'));
Insert into PACIENTES (ID_PACIENTE,NOMBRE,EDAD,FECHA_REGISTRO) values ('P-010','Fernando Ortega','74',to_date('18/05/26','DD/MM/RR'));
Insert into PACIENTES (ID_PACIENTE,NOMBRE,EDAD,FECHA_REGISTRO) values ('P-011','Beatriz Montero','82',to_date('18/05/26','DD/MM/RR'));
Insert into PACIENTES (ID_PACIENTE,NOMBRE,EDAD,FECHA_REGISTRO) values ('P-012','Jorge Dávila','69',to_date('18/05/26','DD/MM/RR'));
Insert into PACIENTES (ID_PACIENTE,NOMBRE,EDAD,FECHA_REGISTRO) values ('P-013','Silvia Pinal','91',to_date('18/05/26','DD/MM/RR'));
Insert into PACIENTES (ID_PACIENTE,NOMBRE,EDAD,FECHA_REGISTRO) values ('P-014','Alberto Solís','76',to_date('18/05/26','DD/MM/RR'));
Insert into PACIENTES (ID_PACIENTE,NOMBRE,EDAD,FECHA_REGISTRO) values ('P-015','Norma Herrera','70',to_date('18/05/26','DD/MM/RR'));
Insert into PACIENTES (ID_PACIENTE,NOMBRE,EDAD,FECHA_REGISTRO) values ('P-016','Víctor Hugo Paz','84',to_date('18/05/26','DD/MM/RR'));
Insert into PACIENTES (ID_PACIENTE,NOMBRE,EDAD,FECHA_REGISTRO) values ('P-017','Gloria Treviño','66',to_date('18/05/26','DD/MM/RR'));
Insert into PACIENTES (ID_PACIENTE,NOMBRE,EDAD,FECHA_REGISTRO) values ('P-018','Manuel Beltrán','77',to_date('18/05/26','DD/MM/RR'));
Insert into PACIENTES (ID_PACIENTE,NOMBRE,EDAD,FECHA_REGISTRO) values ('P-019','Alicia Villareal','80',to_date('18/05/26','DD/MM/RR'));
Insert into PACIENTES (ID_PACIENTE,NOMBRE,EDAD,FECHA_REGISTRO) values ('P-999','Clotilde Bazán','78',to_date('18/05/26','DD/MM/RR'));
Insert into PACIENTES (ID_PACIENTE,NOMBRE,EDAD,FECHA_REGISTRO) values ('P-998','Juan Bazán','79',to_date('18/05/26','DD/MM/RR'));
Insert into PACIENTES (ID_PACIENTE,NOMBRE,EDAD,FECHA_REGISTRO) values ('P-997','Pepito Bazán','60',to_date('18/05/26','DD/MM/RR'));
REM INSERTING into RECETAS
SET DEFINE OFF;
Insert into RECETAS (ID_RECETA,ID_CITA,ID_MEDICAMENTO,DOSIS_TEXTO,CANTIDAD_RECETADA) values ('1','1','MED-01','1 cada 24h','3 cajas');
Insert into RECETAS (ID_RECETA,ID_CITA,ID_MEDICAMENTO,DOSIS_TEXTO,CANTIDAD_RECETADA) values ('2','1','MED-01','1 cada 24h','3 cajas');
Insert into RECETAS (ID_RECETA,ID_CITA,ID_MEDICAMENTO,DOSIS_TEXTO,CANTIDAD_RECETADA) values ('3','2','MED-09','1 en ayunas','2 frascos');
Insert into RECETAS (ID_RECETA,ID_CITA,ID_MEDICAMENTO,DOSIS_TEXTO,CANTIDAD_RECETADA) values ('4','9','MED-10','1 cada 8h','1 caja');
Insert into RECETAS (ID_RECETA,ID_CITA,ID_MEDICAMENTO,DOSIS_TEXTO,CANTIDAD_RECETADA) values ('5','10','MED-12','Aplicar 2 veces al día','2 tubos');
Insert into RECETAS (ID_RECETA,ID_CITA,ID_MEDICAMENTO,DOSIS_TEXTO,CANTIDAD_RECETADA) values ('6','11','MED-05','1 cada 12h','4 cajas');
Insert into RECETAS (ID_RECETA,ID_CITA,ID_MEDICAMENTO,DOSIS_TEXTO,CANTIDAD_RECETADA) values ('7','12','MED-08','1 cada 24h','2 cajas');
Insert into RECETAS (ID_RECETA,ID_CITA,ID_MEDICAMENTO,DOSIS_TEXTO,CANTIDAD_RECETADA) values ('8','13','MED-18','0.5mg antes de dormir','1 frasco');
Insert into RECETAS (ID_RECETA,ID_CITA,ID_MEDICAMENTO,DOSIS_TEXTO,CANTIDAD_RECETADA) values ('9','14','MED-15','1 cada 12h','2 cajas');
REM INSERTING into SIGNOS_VITALES
SET DEFINE OFF;
Insert into SIGNOS_VITALES (ID_REGISTRO,ID_PACIENTE,FECHA_MEDICION,PRESION_SISTOLICA,PRESION_DIASTOLICA) values ('1','P-902',to_date('14/05/26','DD/MM/RR'),'125','82');
Insert into SIGNOS_VITALES (ID_REGISTRO,ID_PACIENTE,FECHA_MEDICION,PRESION_SISTOLICA,PRESION_DIASTOLICA) values ('2','P-902',to_date('15/05/26','DD/MM/RR'),'130','85');
Insert into SIGNOS_VITALES (ID_REGISTRO,ID_PACIENTE,FECHA_MEDICION,PRESION_SISTOLICA,PRESION_DIASTOLICA) values ('3','P-902',to_date('16/05/26','DD/MM/RR'),'118','79');
Insert into SIGNOS_VITALES (ID_REGISTRO,ID_PACIENTE,FECHA_MEDICION,PRESION_SISTOLICA,PRESION_DIASTOLICA) values ('4','P-902',to_date('17/05/26','DD/MM/RR'),'145','90');
Insert into SIGNOS_VITALES (ID_REGISTRO,ID_PACIENTE,FECHA_MEDICION,PRESION_SISTOLICA,PRESION_DIASTOLICA) values ('5','P-902',to_date('18/05/26','DD/MM/RR'),'120','80');
Insert into SIGNOS_VITALES (ID_REGISTRO,ID_PACIENTE,FECHA_MEDICION,PRESION_SISTOLICA,PRESION_DIASTOLICA) values ('6','P-902',to_date('04/05/26','DD/MM/RR'),'135','88');
Insert into SIGNOS_VITALES (ID_REGISTRO,ID_PACIENTE,FECHA_MEDICION,PRESION_SISTOLICA,PRESION_DIASTOLICA) values ('7','P-902',to_date('08/05/26','DD/MM/RR'),'140','90');
Insert into SIGNOS_VITALES (ID_REGISTRO,ID_PACIENTE,FECHA_MEDICION,PRESION_SISTOLICA,PRESION_DIASTOLICA) values ('8','P-902',to_date('11/05/26','DD/MM/RR'),'128','85');
Insert into SIGNOS_VITALES (ID_REGISTRO,ID_PACIENTE,FECHA_MEDICION,PRESION_SISTOLICA,PRESION_DIASTOLICA) values ('9','P-902',to_date('14/05/26','DD/MM/RR'),'125','82');
Insert into SIGNOS_VITALES (ID_REGISTRO,ID_PACIENTE,FECHA_MEDICION,PRESION_SISTOLICA,PRESION_DIASTOLICA) values ('10','P-902',to_date('15/05/26','DD/MM/RR'),'130','85');
Insert into SIGNOS_VITALES (ID_REGISTRO,ID_PACIENTE,FECHA_MEDICION,PRESION_SISTOLICA,PRESION_DIASTOLICA) values ('11','P-902',to_date('16/05/26','DD/MM/RR'),'118','79');
Insert into SIGNOS_VITALES (ID_REGISTRO,ID_PACIENTE,FECHA_MEDICION,PRESION_SISTOLICA,PRESION_DIASTOLICA) values ('12','P-902',to_date('17/05/26','DD/MM/RR'),'145','90');
Insert into SIGNOS_VITALES (ID_REGISTRO,ID_PACIENTE,FECHA_MEDICION,PRESION_SISTOLICA,PRESION_DIASTOLICA) values ('13','P-902',to_date('18/05/26','DD/MM/RR'),'120','80');
REM INSERTING into MEDICAMENTO_RECETA_DV
SET DEFINE OFF;
Insert into MEDICAMENTO_RECETA_DV (DATA) values ('{"_id":"MED-01","nombre_comercial":"Losartán 50mg","uso_principal":"Para la presión alta","distribucion_pacientes":[{"_id":"P-902","stock_actual":90,"estado_texto":"Lleno"}],"_metadata":{"etag":"3E98388201EC10CF9AC0DF0738587849","asof":"00000000012EBD41"}}');
Insert into MEDICAMENTO_RECETA_DV (DATA) values ('{"_id":"MED-02","nombre_comercial":"Insulina Glargina","uso_principal":"Control de azúcar","distribucion_pacientes":[{"_id":"P-902","stock_actual":0,"estado_texto":"Vacío"}],"_metadata":{"etag":"4B84E79DC65D728EFF3C94E87696A56C","asof":"00000000012EBD41"}}');
Insert into MEDICAMENTO_RECETA_DV (DATA) values ('{"_id":"MED-03","nombre_comercial":"Calcio + Vitamina D","uso_principal":"Suplemento diario","distribucion_pacientes":[{"_id":"P-902","stock_actual":5,"estado_texto":"Quedan 5 unidades"}],"_metadata":{"etag":"CD07D5EBD96FCC6821A69F462E7C73CF","asof":"00000000012EBD41"}}');
Insert into MEDICAMENTO_RECETA_DV (DATA) values ('{"_id":"MED-04","nombre_comercial":"Aspirina Protect 100mg","uso_principal":"Prevención infartos","distribucion_pacientes":[],"_metadata":{"etag":"23F55E76DC12D68A22AB467F57A95D19","asof":"00000000012EBD41"}}');
Insert into MEDICAMENTO_RECETA_DV (DATA) values ('{"_id":"MED-05","nombre_comercial":"Metformina 850mg","uso_principal":"Diabetes Tipo 2","distribucion_pacientes":[{"_id":"P-005","stock_actual":45,"estado_texto":"Lleno"}],"_metadata":{"etag":"10FEB39331DD6DDE27E0EF42DD6D2FB7","asof":"00000000012EBD41"}}');
Insert into MEDICAMENTO_RECETA_DV (DATA) values ('{"_id":"MED-06","nombre_comercial":"Omeprazol 20mg","uso_principal":"Protector gástrico","distribucion_pacientes":[],"_metadata":{"etag":"3B535E528F1197409BFBCC0BCB871B30","asof":"00000000012EBD41"}}');
Insert into MEDICAMENTO_RECETA_DV (DATA) values ('{"_id":"MED-07","nombre_comercial":"Atorvastatina 20mg","uso_principal":"Reducción colesterol","distribucion_pacientes":[],"_metadata":{"etag":"21807410BF465AB6A0149E164C0165CE","asof":"00000000012EBD41"}}');
Insert into MEDICAMENTO_RECETA_DV (DATA) values ('{"_id":"MED-08","nombre_comercial":"Amlodipino 5mg","uso_principal":"Presión arterial alta","distribucion_pacientes":[],"_metadata":{"etag":"B30E4BF73C10CAA6D79CFB166B701B6A","asof":"00000000012EBD41"}}');
Insert into MEDICAMENTO_RECETA_DV (DATA) values ('{"_id":"MED-09","nombre_comercial":"Levotiroxina 100mcg","uso_principal":"Hipotiroidismo","distribucion_pacientes":[{"_id":"P-902","stock_actual":0,"estado_texto":"Vacío"}],"_metadata":{"etag":"BE39B73ECD778ACA1D9EEE349CAA4FF2","asof":"00000000012EBD41"}}');
Insert into MEDICAMENTO_RECETA_DV (DATA) values ('{"_id":"MED-10","nombre_comercial":"Paracetamol 500mg","uso_principal":"Dolor general y fiebre","distribucion_pacientes":[{"_id":"P-008","stock_actual":0,"estado_texto":"Vacío"}],"_metadata":{"etag":"4B036139FF48689A3BC9ADE97EF4A500","asof":"00000000012EBD41"}}');
Insert into MEDICAMENTO_RECETA_DV (DATA) values ('{"_id":"MED-11","nombre_comercial":"Ibuprofeno 400mg","uso_principal":"Antiinflamatorio","distribucion_pacientes":[],"_metadata":{"etag":"AEAFDB94E87DD1B4ED7B20449587F2D8","asof":"00000000012EBD41"}}');
Insert into MEDICAMENTO_RECETA_DV (DATA) values ('{"_id":"MED-12","nombre_comercial":"Diclofenaco en gel","uso_principal":"Dolor articular","distribucion_pacientes":[{"_id":"P-003","stock_actual":1,"estado_texto":"Quedan 1 unidades"}],"_metadata":{"etag":"C3E57BFA51BE0E7420EE125C867080D8","asof":"00000000012EBD41"}}');
Insert into MEDICAMENTO_RECETA_DV (DATA) values ('{"_id":"MED-13","nombre_comercial":"Clopidogrel 75mg","uso_principal":"Anticoagulante","distribucion_pacientes":[],"_metadata":{"etag":"A54F55C49128F6B44B01AC9B2E1DAC35","asof":"00000000012EBD41"}}');
Insert into MEDICAMENTO_RECETA_DV (DATA) values ('{"_id":"MED-14","nombre_comercial":"Pantoprazol 40mg","uso_principal":"Reflujo gástrico","distribucion_pacientes":[],"_metadata":{"etag":"33154A1415CD1B025FCA3139ADB50099","asof":"00000000012EBD41"}}');
Insert into MEDICAMENTO_RECETA_DV (DATA) values ('{"_id":"MED-15","nombre_comercial":"Pregabalina 75mg","uso_principal":"Dolor neuropático","distribucion_pacientes":[],"_metadata":{"etag":"F52B61C484C69B8EEA4AFE4882C8C030","asof":"00000000012EBD41"}}');
Insert into MEDICAMENTO_RECETA_DV (DATA) values ('{"_id":"MED-16","nombre_comercial":"Complejo B","uso_principal":"Suplemento vitamínico","distribucion_pacientes":[],"_metadata":{"etag":"978E2C2536230592C34463475C242798","asof":"00000000012EBD41"}}');
Insert into MEDICAMENTO_RECETA_DV (DATA) values ('{"_id":"MED-17","nombre_comercial":"Enalapril 10mg","uso_principal":"Hipertensión","distribucion_pacientes":[],"_metadata":{"etag":"95727F07B7C7FE233125377AA46DA3F2","asof":"00000000012EBD41"}}');
Insert into MEDICAMENTO_RECETA_DV (DATA) values ('{"_id":"MED-18","nombre_comercial":"Alprazolam 0.5mg","uso_principal":"Ansiedad e insomnio","distribucion_pacientes":[{"_id":"P-011","stock_actual":20,"estado_texto":"Lleno"}],"_metadata":{"etag":"2EA9BB0EFF906A72499AE7EC5687053A","asof":"00000000012EBD41"}}');
Insert into MEDICAMENTO_RECETA_DV (DATA) values ('{"_id":"MED-19","nombre_comercial":"Glimepirida 2mg","uso_principal":"Control de glucosa","distribucion_pacientes":[],"_metadata":{"etag":"865DA812C239A4111AE581CDA70FAC39","asof":"00000000012EBD41"}}');
Insert into MEDICAMENTO_RECETA_DV (DATA) values ('{"_id":"MED-20","nombre_comercial":"Tamsulosina 0.4mg","uso_principal":"Próstata","distribucion_pacientes":[],"_metadata":{"etag":"F3B6F70C83C11EAE485D5F59FED3A439","asof":"00000000012EBD41"}}');
REM INSERTING into MEDICO_AGENDA_DV
SET DEFINE OFF;
Insert into MEDICO_AGENDA_DV (DATA) values ('{"_id":"M-001","nombre":"Dr. Carlos Mendoza","especialidad":"Cardiología","consultorio":"Cons. 102","citas_asignadas":[{"_id":1,"id_paciente":"P-902","fecha_hora":"2026-05-13T03:43:33","motivo":"Control Hipertensión","estado":"Completada"},{"_id":2,"id_paciente":"P-902","fecha_hora":"2026-05-19T03:43:33","motivo":"Revisión de presión arterial","estado":"Pendiente"},{"_id":4,"id_paciente":"P-902","fecha_hora":"2026-03-19T03:46:56","motivo":"Chequeo inicial","estado":"Completada"},{"_id":6,"id_paciente":"P-902","fecha_hora":"2026-05-19T03:46:56","motivo":"Revisión presión","estado":"Pendiente"},{"_id":9,"id_paciente":"P-004","fecha_hora":"2026-05-13T03:46:56","motivo":"Arritmia","estado":"Pendiente"},{"_id":15,"id_paciente":"P-007","fecha_hora":"2026-05-13T03:46:56","motivo":"Taquicardia","estado":"Completada"}],"_metadata":{"etag":"58CCC37097541792545CC866A60F1B46","asof":"00000000012EBD48"}}');
Insert into MEDICO_AGENDA_DV (DATA) values ('{"_id":"M-002","nombre":"Dra. Ana Lucía","especialidad":"Medicina General","consultorio":"Cons. 105","citas_asignadas":[{"_id":3,"id_paciente":"P-902","fecha_hora":"2026-06-11T03:43:33","motivo":"Chequeo General","estado":"Pendiente"},{"_id":7,"id_paciente":"P-902","fecha_hora":"2026-06-07T03:46:56","motivo":"Chequeo general","estado":"Pendiente"},{"_id":12,"id_paciente":"P-002","fecha_hora":"2026-04-03T03:46:56","motivo":"Gripe fuerte","estado":"Completada"}],"_metadata":{"etag":"F6C3B9250052133E2817DC98AB26C3E0","asof":"00000000012EBD48"}}');
Insert into MEDICO_AGENDA_DV (DATA) values ('{"_id":"M-003","nombre":"Dr. Roberto Silva","especialidad":"Endocrinología","consultorio":"Cons. 201","citas_asignadas":[{"_id":5,"id_paciente":"P-902","fecha_hora":"2026-05-03T03:46:56","motivo":"Exámenes tiroides","estado":"Completada"},{"_id":14,"id_paciente":"P-005","fecha_hora":"2026-03-29T03:46:56","motivo":"Diabetes control","estado":"Completada"}],"_metadata":{"etag":"2A96A91977DB6B8E6BA3DDB80E1DBBF6","asof":"00000000012EBD48"}}');
Insert into MEDICO_AGENDA_DV (DATA) values ('{"_id":"M-004","nombre":"Dra. Elena Torres","especialidad":"Geriatría","consultorio":"Cons. 110","citas_asignadas":[{"_id":8,"id_paciente":"P-001","fecha_hora":"2026-05-08T03:46:56","motivo":"Control geriátrico","estado":"Pendiente"},{"_id":16,"id_paciente":"P-011","fecha_hora":"2026-05-10T03:46:56","motivo":"Insomnio","estado":"Completada"}],"_metadata":{"etag":"5BF40F694FFF5DDAD5BBBE3150882B95","asof":"00000000012EBD48"}}');
Insert into MEDICO_AGENDA_DV (DATA) values ('{"_id":"M-005","nombre":"Dr. Javier Gómez","especialidad":"Neurología","consultorio":"Cons. 305","citas_asignadas":[{"_id":11,"id_paciente":"P-013","fecha_hora":"2026-04-18T03:46:56","motivo":"Pérdida memoria","estado":"Pendiente"},{"_id":17,"id_paciente":"P-016","fecha_hora":"2026-04-26T03:46:56","motivo":"Migraña","estado":"Completada"}],"_metadata":{"etag":"73442EA91D3EFA311229D6FA784421DC","asof":"00000000012EBD48"}}');
Insert into MEDICO_AGENDA_DV (DATA) values ('{"_id":"M-006","nombre":"Dra. Patricia Ríos","especialidad":"Reumatología","consultorio":"Cons. 204","citas_asignadas":[{"_id":10,"id_paciente":"P-008","fecha_hora":"2026-05-16T03:46:56","motivo":"Dolor rodilla","estado":"Pendiente"},{"_id":13,"id_paciente":"P-003","fecha_hora":"2026-05-06T03:46:56","motivo":"Artritis","estado":"Completada"}],"_metadata":{"etag":"9B60D15F5D64D6C449D988A2B2C7331F","asof":"00000000012EBD48"}}');
REM INSERTING into PACIENTE_HISTORIAL_DV
SET DEFINE OFF;
Insert into PACIENTE_HISTORIAL_DV (DATA) values ('{"_id":"P-902","nombre":"Ernesto Martínez","edad":72,"citas":[{"_id":1,"fecha":"2026-05-13T03:43:33","motivo":"Control Hipertensión","estado":"Completada"},{"_id":2,"fecha":"2026-05-19T03:43:33","motivo":"Revisión de presión arterial","estado":"Pendiente"},{"_id":3,"fecha":"2026-06-11T03:43:33","motivo":"Chequeo General","estado":"Pendiente"},{"_id":4,"fecha":"2026-03-19T03:46:56","motivo":"Chequeo inicial","estado":"Completada"},{"_id":5,"fecha":"2026-05-03T03:46:56","motivo":"Exámenes tiroides","estado":"Completada"},{"_id":6,"fecha":"2026-05-19T03:46:56","motivo":"Revisión presión","estado":"Pendiente"},{"_id":7,"fecha":"2026-06-07T03:46:56","motivo":"Chequeo general","estado":"Pendiente"}],"_metadata":{"etag":"4FD88CECEDC2D6622446FEF91A0C07CB","asof":"00000000012EBD48"}}');
Insert into PACIENTE_HISTORIAL_DV (DATA) values ('{"_id":"P-001","nombre":"Rosaura Domínguez","edad":81,"citas":[{"_id":8,"fecha":"2026-05-08T03:46:56","motivo":"Control geriátrico","estado":"Pendiente"}],"_metadata":{"etag":"1FA42851E77C12404700FC98F0426833","asof":"00000000012EBD48"}}');
Insert into PACIENTE_HISTORIAL_DV (DATA) values ('{"_id":"P-002","nombre":"Julio César Vargas","edad":68,"citas":[{"_id":12,"fecha":"2026-04-03T03:46:56","motivo":"Gripe fuerte","estado":"Completada"}],"_metadata":{"etag":"632453FF7D8CF3DF6C69F0B78035F1E3","asof":"00000000012EBD48"}}');
Insert into PACIENTE_HISTORIAL_DV (DATA) values ('{"_id":"P-003","nombre":"María Luisa Peña","edad":75,"citas":[{"_id":13,"fecha":"2026-05-06T03:46:56","motivo":"Artritis","estado":"Completada"}],"_metadata":{"etag":"D2DA8FA60B2A8D8028F94A984E861327","asof":"00000000012EBD48"}}');
Insert into PACIENTE_HISTORIAL_DV (DATA) values ('{"_id":"P-004","nombre":"Humberto Castro","edad":85,"citas":[{"_id":9,"fecha":"2026-05-13T03:46:56","motivo":"Arritmia","estado":"Pendiente"}],"_metadata":{"etag":"18D7B4618E7F5E86CEBDAB498F69994D","asof":"00000000012EBD48"}}');
Insert into PACIENTE_HISTORIAL_DV (DATA) values ('{"_id":"P-005","nombre":"Carmen Salinas","edad":64,"citas":[{"_id":14,"fecha":"2026-03-29T03:46:56","motivo":"Diabetes control","estado":"Completada"}],"_metadata":{"etag":"832C3D3E9248BC888F14B8DC6D1CD7ED","asof":"00000000012EBD48"}}');
Insert into PACIENTE_HISTORIAL_DV (DATA) values ('{"_id":"P-006","nombre":"Raúl Jiménez","edad":79,"citas":[],"_metadata":{"etag":"DFFAE4CDB691A304546CDFAF4CDBBE5A","asof":"00000000012EBD48"}}');
Insert into PACIENTE_HISTORIAL_DV (DATA) values ('{"_id":"P-007","nombre":"Teresa Blanco","edad":71,"citas":[{"_id":15,"fecha":"2026-05-13T03:46:56","motivo":"Taquicardia","estado":"Completada"}],"_metadata":{"etag":"EC3ED33CFD0878016179969307E21EE5","asof":"00000000012EBD48"}}');
Insert into PACIENTE_HISTORIAL_DV (DATA) values ('{"_id":"P-008","nombre":"Miguel Ángel Ruiz","edad":88,"citas":[{"_id":10,"fecha":"2026-05-16T03:46:56","motivo":"Dolor rodilla","estado":"Pendiente"}],"_metadata":{"etag":"589E63C8AB6D867F0869EF1A5FD10932","asof":"00000000012EBD48"}}');
Insert into PACIENTE_HISTORIAL_DV (DATA) values ('{"_id":"P-009","nombre":"Luz María López","edad":67,"citas":[],"_metadata":{"etag":"CA8A577B71EDF20C6602DAC1C1120FCE","asof":"00000000012EBD48"}}');
Insert into PACIENTE_HISTORIAL_DV (DATA) values ('{"_id":"P-010","nombre":"Fernando Ortega","edad":74,"citas":[],"_metadata":{"etag":"B42A75D817F0B2502DF615DB5BD42084","asof":"00000000012EBD48"}}');
Insert into PACIENTE_HISTORIAL_DV (DATA) values ('{"_id":"P-011","nombre":"Beatriz Montero","edad":82,"citas":[{"_id":16,"fecha":"2026-05-10T03:46:56","motivo":"Insomnio","estado":"Completada"}],"_metadata":{"etag":"D240B300729C556AFF24DC6C2F391A98","asof":"00000000012EBD48"}}');
Insert into PACIENTE_HISTORIAL_DV (DATA) values ('{"_id":"P-012","nombre":"Jorge Dávila","edad":69,"citas":[],"_metadata":{"etag":"543A5A46B918BC58620FB3A5F4B9609A","asof":"00000000012EBD48"}}');
Insert into PACIENTE_HISTORIAL_DV (DATA) values ('{"_id":"P-013","nombre":"Silvia Pinal","edad":91,"citas":[{"_id":11,"fecha":"2026-04-18T03:46:56","motivo":"Pérdida memoria","estado":"Pendiente"}],"_metadata":{"etag":"88DEE1557D01AA1E68A258DC8E9EBA85","asof":"00000000012EBD48"}}');
Insert into PACIENTE_HISTORIAL_DV (DATA) values ('{"_id":"P-014","nombre":"Alberto Solís","edad":76,"citas":[],"_metadata":{"etag":"E4B999F3F63FB0AFE1B20907BFA76B79","asof":"00000000012EBD48"}}');
Insert into PACIENTE_HISTORIAL_DV (DATA) values ('{"_id":"P-015","nombre":"Norma Herrera","edad":70,"citas":[],"_metadata":{"etag":"EFB91C8FBECFE0DB3BBB8005E90ED6C2","asof":"00000000012EBD48"}}');
Insert into PACIENTE_HISTORIAL_DV (DATA) values ('{"_id":"P-016","nombre":"Víctor Hugo Paz","edad":84,"citas":[{"_id":17,"fecha":"2026-04-26T03:46:56","motivo":"Migraña","estado":"Completada"}],"_metadata":{"etag":"6F13E603EA956456268D6AB8B2215656","asof":"00000000012EBD48"}}');
Insert into PACIENTE_HISTORIAL_DV (DATA) values ('{"_id":"P-017","nombre":"Gloria Treviño","edad":66,"citas":[],"_metadata":{"etag":"7EC88A48957B816692F08610BAF59FF2","asof":"00000000012EBD48"}}');
Insert into PACIENTE_HISTORIAL_DV (DATA) values ('{"_id":"P-018","nombre":"Manuel Beltrán","edad":77,"citas":[],"_metadata":{"etag":"A9FA6E45CBBAEA40EE89DBD8C1AA6945","asof":"00000000012EBD48"}}');
Insert into PACIENTE_HISTORIAL_DV (DATA) values ('{"_id":"P-019","nombre":"Alicia Villareal","edad":80,"citas":[],"_metadata":{"etag":"F7FC884F0B5E7DA8246086D8A192B4B3","asof":"00000000012EBD48"}}');
Insert into PACIENTE_HISTORIAL_DV (DATA) values ('{"_id":"P-999","nombre":"Clotilde Bazán","edad":78,"citas":[],"_metadata":{"etag":"971B070010D94B23A3872B8C5284B678","asof":"00000000012EBD48"}}');
Insert into PACIENTE_HISTORIAL_DV (DATA) values ('{"_id":"P-998","nombre":"Juan Bazán","edad":79,"citas":[],"_metadata":{"etag":"0D28FCD3922E27F65FDBE348B272D35B","asof":"00000000012EBD48"}}');
Insert into PACIENTE_HISTORIAL_DV (DATA) values ('{"_id":"P-997","nombre":"Pepito Bazán","edad":60,"citas":[],"_metadata":{"etag":"E89BD00745671BAB8A7532D368C8E400","asof":"00000000012EBD48"}}');
--------------------------------------------------------
--  DDL for Index IDX_CITAS_ESTADO
--------------------------------------------------------

  CREATE INDEX "IDX_CITAS_ESTADO" ON "CITAS" ("ESTADO") 
  ;
--------------------------------------------------------
--  DDL for Index IDX_CITAS_MED_PAC
--------------------------------------------------------

  CREATE INDEX "IDX_CITAS_MED_PAC" ON "CITAS" ("ID_MEDICO", "ID_PACIENTE") 
  ;
--------------------------------------------------------
--  DDL for Index IDX_CITAS_MES
--------------------------------------------------------

  CREATE INDEX "IDX_CITAS_MES" ON "CITAS" (EXTRACT(MONTH FROM "FECHA_HORA")) 
  ;
--------------------------------------------------------
--  DDL for Index IDX_INV_ID_MED
--------------------------------------------------------

  CREATE INDEX "IDX_INV_ID_MED" ON "INVENTARIO_PACIENTE" ("ID_MEDICAMENTO") 
  ;
--------------------------------------------------------
--  DDL for Index IDX_INV_ID_PAC
--------------------------------------------------------

  CREATE INDEX "IDX_INV_ID_PAC" ON "INVENTARIO_PACIENTE" ("ID_PACIENTE") 
  ;
--------------------------------------------------------
--  DDL for Index IDX_PACIENTES_EDAD
--------------------------------------------------------

  CREATE INDEX "IDX_PACIENTES_EDAD" ON "PACIENTES" ("EDAD") 
  ;
--------------------------------------------------------
--  DDL for Index IDX_RECETAS_ID_CITA
--------------------------------------------------------

  CREATE INDEX "IDX_RECETAS_ID_CITA" ON "RECETAS" ("ID_CITA") 
  ;
--------------------------------------------------------
--  DDL for Index IDX_RECETAS_ID_MED
--------------------------------------------------------

  CREATE INDEX "IDX_RECETAS_ID_MED" ON "RECETAS" ("ID_MEDICAMENTO") 
  ;
--------------------------------------------------------
--  DDL for Index IDX_SIGNOS_FECHA
--------------------------------------------------------

  CREATE INDEX "IDX_SIGNOS_FECHA" ON "SIGNOS_VITALES" ("FECHA_MEDICION") 
  ;
--------------------------------------------------------
--  DDL for Index IDX_SIGNOS_ID_PAC
--------------------------------------------------------

  CREATE INDEX "IDX_SIGNOS_ID_PAC" ON "SIGNOS_VITALES" ("ID_PACIENTE") 
  ;
--------------------------------------------------------
--  DDL for Index SYS_C0013526
--------------------------------------------------------

  CREATE UNIQUE INDEX "SYS_C0013526" ON "AUDITORIA" ("ID_LOG") 
  ;
--------------------------------------------------------
--  DDL for Index SYS_C0013508
--------------------------------------------------------

  CREATE UNIQUE INDEX "SYS_C0013508" ON "CITAS" ("ID_CITA") 
  ;
--------------------------------------------------------
--  DDL for Index IDX_CITAS_ESTADO
--------------------------------------------------------

  CREATE INDEX "IDX_CITAS_ESTADO" ON "CITAS" ("ESTADO") 
  ;
--------------------------------------------------------
--  DDL for Index IDX_CITAS_MED_PAC
--------------------------------------------------------

  CREATE INDEX "IDX_CITAS_MED_PAC" ON "CITAS" ("ID_MEDICO", "ID_PACIENTE") 
  ;
--------------------------------------------------------
--  DDL for Index IDX_CITAS_MES
--------------------------------------------------------

  CREATE INDEX "IDX_CITAS_MES" ON "CITAS" (EXTRACT(MONTH FROM "FECHA_HORA")) 
  ;
--------------------------------------------------------
--  DDL for Index SYS_C0013516
--------------------------------------------------------

  CREATE UNIQUE INDEX "SYS_C0013516" ON "INVENTARIO_PACIENTE" ("ID_PACIENTE", "ID_MEDICAMENTO") 
  ;
--------------------------------------------------------
--  DDL for Index IDX_INV_ID_MED
--------------------------------------------------------

  CREATE INDEX "IDX_INV_ID_MED" ON "INVENTARIO_PACIENTE" ("ID_MEDICAMENTO") 
  ;
--------------------------------------------------------
--  DDL for Index IDX_INV_ID_PAC
--------------------------------------------------------

  CREATE INDEX "IDX_INV_ID_PAC" ON "INVENTARIO_PACIENTE" ("ID_PACIENTE") 
  ;
--------------------------------------------------------
--  DDL for Index SYS_C0013504
--------------------------------------------------------

  CREATE UNIQUE INDEX "SYS_C0013504" ON "MEDICAMENTOS" ("ID_MEDICAMENTO") 
  ;
--------------------------------------------------------
--  DDL for Index SYS_C0013502
--------------------------------------------------------

  CREATE UNIQUE INDEX "SYS_C0013502" ON "MEDICOS" ("ID_MEDICO") 
  ;
--------------------------------------------------------
--  DDL for Index SYS_C0013499
--------------------------------------------------------

  CREATE UNIQUE INDEX "SYS_C0013499" ON "PACIENTES" ("ID_PACIENTE") 
  ;
--------------------------------------------------------
--  DDL for Index IDX_PACIENTES_EDAD
--------------------------------------------------------

  CREATE INDEX "IDX_PACIENTES_EDAD" ON "PACIENTES" ("EDAD") 
  ;
--------------------------------------------------------
--  DDL for Index SYS_C0013513
--------------------------------------------------------

  CREATE UNIQUE INDEX "SYS_C0013513" ON "RECETAS" ("ID_RECETA") 
  ;
--------------------------------------------------------
--  DDL for Index IDX_RECETAS_ID_CITA
--------------------------------------------------------

  CREATE INDEX "IDX_RECETAS_ID_CITA" ON "RECETAS" ("ID_CITA") 
  ;
--------------------------------------------------------
--  DDL for Index IDX_RECETAS_ID_MED
--------------------------------------------------------

  CREATE INDEX "IDX_RECETAS_ID_MED" ON "RECETAS" ("ID_MEDICAMENTO") 
  ;
--------------------------------------------------------
--  DDL for Index SYS_C0013523
--------------------------------------------------------

  CREATE UNIQUE INDEX "SYS_C0013523" ON "SIGNOS_VITALES" ("ID_REGISTRO") 
  ;
--------------------------------------------------------
--  DDL for Index IDX_SIGNOS_ID_PAC
--------------------------------------------------------

  CREATE INDEX "IDX_SIGNOS_ID_PAC" ON "SIGNOS_VITALES" ("ID_PACIENTE") 
  ;
--------------------------------------------------------
--  DDL for Index IDX_SIGNOS_FECHA
--------------------------------------------------------

  CREATE INDEX "IDX_SIGNOS_FECHA" ON "SIGNOS_VITALES" ("FECHA_MEDICION") 
  ;
--------------------------------------------------------
--  DDL for Trigger TRG_AUDITAR_CITAS
--------------------------------------------------------

  CREATE OR REPLACE NONEDITIONABLE TRIGGER "TRG_AUDITAR_CITAS" 
AFTER INSERT OR UPDATE ON citas
FOR EACH ROW
BEGIN
    IF INSERTING THEN
        INSERT INTO auditoria (tabla_afectada, operacion, detalles)
        VALUES ('CITAS', 'INSERT', 'Nueva cita creada para paciente ' || :NEW.id_paciente);
    ELSIF UPDATING THEN
        INSERT INTO auditoria (tabla_afectada, operacion, detalles)
        VALUES ('CITAS', 'UPDATE', 'Cita ' || :NEW.id_cita || ' cambió estado a ' || :NEW.estado);
    END IF;
END;

/
ALTER TRIGGER "TRG_AUDITAR_CITAS" ENABLE;
--------------------------------------------------------
--  DDL for Trigger TRG_AUDITAR_CITAS
--------------------------------------------------------

  CREATE OR REPLACE NONEDITIONABLE TRIGGER "TRG_AUDITAR_CITAS" 
AFTER INSERT OR UPDATE ON citas
FOR EACH ROW
BEGIN
    IF INSERTING THEN
        INSERT INTO auditoria (tabla_afectada, operacion, detalles)
        VALUES ('CITAS', 'INSERT', 'Nueva cita creada para paciente ' || :NEW.id_paciente);
    ELSIF UPDATING THEN
        INSERT INTO auditoria (tabla_afectada, operacion, detalles)
        VALUES ('CITAS', 'UPDATE', 'Cita ' || :NEW.id_cita || ' cambió estado a ' || :NEW.estado);
    END IF;
END;

/
ALTER TRIGGER "TRG_AUDITAR_CITAS" ENABLE;
--------------------------------------------------------
--  Constraints for Table AUDITORIA
--------------------------------------------------------

  ALTER TABLE "AUDITORIA" MODIFY ("ID_LOG" NOT NULL ENABLE);
  ALTER TABLE "AUDITORIA" ADD PRIMARY KEY ("ID_LOG")
  USING INDEX  ENABLE;
--------------------------------------------------------
--  Constraints for Table CITAS
--------------------------------------------------------

  ALTER TABLE "CITAS" MODIFY ("ID_CITA" NOT NULL ENABLE);
  ALTER TABLE "CITAS" MODIFY ("FECHA_HORA" NOT NULL ENABLE);
  ALTER TABLE "CITAS" ADD CHECK (estado IN ('Pendiente', 'Completada', 'Cancelada')) ENABLE;
  ALTER TABLE "CITAS" ADD PRIMARY KEY ("ID_CITA")
  USING INDEX  ENABLE;
--------------------------------------------------------
--  Constraints for Table INVENTARIO_PACIENTE
--------------------------------------------------------

  ALTER TABLE "INVENTARIO_PACIENTE" ADD PRIMARY KEY ("ID_PACIENTE", "ID_MEDICAMENTO")
  USING INDEX  ENABLE;
--------------------------------------------------------
--  Constraints for Table MEDICAMENTOS
--------------------------------------------------------

  ALTER TABLE "MEDICAMENTOS" MODIFY ("NOMBRE_COMERCIAL" NOT NULL ENABLE);
  ALTER TABLE "MEDICAMENTOS" ADD PRIMARY KEY ("ID_MEDICAMENTO")
  USING INDEX  ENABLE;
--------------------------------------------------------
--  Constraints for Table MEDICOS
--------------------------------------------------------

  ALTER TABLE "MEDICOS" MODIFY ("NOMBRE" NOT NULL ENABLE);
  ALTER TABLE "MEDICOS" MODIFY ("ESPECIALIDAD" NOT NULL ENABLE);
  ALTER TABLE "MEDICOS" ADD PRIMARY KEY ("ID_MEDICO")
  USING INDEX  ENABLE;
--------------------------------------------------------
--  Constraints for Table PACIENTES
--------------------------------------------------------

  ALTER TABLE "PACIENTES" MODIFY ("NOMBRE" NOT NULL ENABLE);
  ALTER TABLE "PACIENTES" MODIFY ("EDAD" NOT NULL ENABLE);
  ALTER TABLE "PACIENTES" ADD PRIMARY KEY ("ID_PACIENTE")
  USING INDEX  ENABLE;
--------------------------------------------------------
--  Constraints for Table RECETAS
--------------------------------------------------------

  ALTER TABLE "RECETAS" MODIFY ("ID_RECETA" NOT NULL ENABLE);
  ALTER TABLE "RECETAS" MODIFY ("DOSIS_TEXTO" NOT NULL ENABLE);
  ALTER TABLE "RECETAS" ADD PRIMARY KEY ("ID_RECETA")
  USING INDEX  ENABLE;
--------------------------------------------------------
--  Constraints for Table SIGNOS_VITALES
--------------------------------------------------------

  ALTER TABLE "SIGNOS_VITALES" MODIFY ("ID_REGISTRO" NOT NULL ENABLE);
  ALTER TABLE "SIGNOS_VITALES" MODIFY ("FECHA_MEDICION" NOT NULL ENABLE);
  ALTER TABLE "SIGNOS_VITALES" MODIFY ("PRESION_SISTOLICA" NOT NULL ENABLE);
  ALTER TABLE "SIGNOS_VITALES" MODIFY ("PRESION_DIASTOLICA" NOT NULL ENABLE);
  ALTER TABLE "SIGNOS_VITALES" ADD PRIMARY KEY ("ID_REGISTRO")
  USING INDEX  ENABLE;
--------------------------------------------------------
--  Ref Constraints for Table CITAS
--------------------------------------------------------

  ALTER TABLE "CITAS" ADD FOREIGN KEY ("ID_PACIENTE")
	  REFERENCES "PACIENTES" ("ID_PACIENTE") ENABLE;
  ALTER TABLE "CITAS" ADD FOREIGN KEY ("ID_MEDICO")
	  REFERENCES "MEDICOS" ("ID_MEDICO") ENABLE;
--------------------------------------------------------
--  Ref Constraints for Table INVENTARIO_PACIENTE
--------------------------------------------------------

  ALTER TABLE "INVENTARIO_PACIENTE" ADD FOREIGN KEY ("ID_PACIENTE")
	  REFERENCES "PACIENTES" ("ID_PACIENTE") ENABLE;
  ALTER TABLE "INVENTARIO_PACIENTE" ADD FOREIGN KEY ("ID_MEDICAMENTO")
	  REFERENCES "MEDICAMENTOS" ("ID_MEDICAMENTO") ENABLE;
--------------------------------------------------------
--  Ref Constraints for Table RECETAS
--------------------------------------------------------

  ALTER TABLE "RECETAS" ADD FOREIGN KEY ("ID_CITA")
	  REFERENCES "CITAS" ("ID_CITA") ENABLE;
  ALTER TABLE "RECETAS" ADD FOREIGN KEY ("ID_MEDICAMENTO")
	  REFERENCES "MEDICAMENTOS" ("ID_MEDICAMENTO") ENABLE;
--------------------------------------------------------
--  Ref Constraints for Table SIGNOS_VITALES
--------------------------------------------------------

  ALTER TABLE "SIGNOS_VITALES" ADD FOREIGN KEY ("ID_PACIENTE")
	  REFERENCES "PACIENTES" ("ID_PACIENTE") ENABLE;
